<?xml version="1.0" encoding="UTF-8"?>
<cards>
	<card>
		<name>Sisal</name>
		<code>sisal</code>
		<refund>0</refund>
		<manualcapture>0</manualcapture>
		<image>./modules/hipay_tpp/img/sisal_pay.png</image>
                <currencies>
                    <iso_code>EUR</iso_code>
                </currencies>
                <countries>IT</countries>
	</card>
	<card>
		<name>Sofort Uberweisung</name>
		<code>sofort-uberweisung</code>
		<refund>0</refund>
		<manualcapture>0</manualcapture>
		<image>./modules/hipay_tpp/img/sofortuberweisung.png</image>
                <currencies>
                    <iso_code>EUR</iso_code>
                </currencies>
                <countries>DE</countries>
	</card>
	<card>
		<name>Przelewy24</name>
		<code>przelewy24</code>
		<refund>1</refund>
		<manualcapture>0</manualcapture>
		<image>./modules/hipay_tpp/img/przelewy24.png</image>
                <currencies>
                    <iso_code>PLN</iso_code>
                </currencies>
                <countries>PL</countries>
	</card>
	<card>
		<name>WebMoney Transfer</name>
		<code>webmoney-transfer</code>
		<refund>0</refund>
		<manualcapture>0</manualcapture>
		<image>./modules/hipay_tpp/img/webmoney.png</image>
                <currencies>
                    <iso_code>RUB</iso_code>
                </currencies>
                <countries>RU</countries>
	</card>
	<card>
		<name>Yandex.Money</name>
		<code>yandex</code>
		<refund>0</refund>
		<manualcapture>0</manualcapture>
		<image>./modules/hipay_tpp/img/yandex.png</image>
                <currencies>
                    <iso_code>RUB</iso_code>
                </currencies>
                <countries>RU</countries>
	</card>
	<card>
		<name>Visa Qiwi Wallet</name>
		<code>qiwi-wallet</code>
		<refund>0</refund>
		<manualcapture>0</manualcapture>
		<image>./modules/hipay_tpp/img/qiwi.png</image>
                <currencies>
                    <iso_code>RUB</iso_code>
                </currencies>
                <countries>RU</countries>
	</card>
	<card>
		<name>iDeal</name>
		<code>ideal</code>
		<refund>0</refund>
		<manualcapture>0</manualcapture>
		<image>./modules/hipay_tpp/img/ideal.png</image>
                <currencies>
                    <iso_code>EUR</iso_code>
                </currencies>
                <countries>NL</countries>
	</card>
	<card>
		<name>ING Home'Pay</name>
		<code>ing-homepay</code>
		<refund>0</refund>
		<manualcapture>0</manualcapture>
		<image>./modules/hipay_tpp/img/inghomepay.png</image>
                <currencies>
                    <iso_code>EUR</iso_code>
                </currencies>
                <countries>BE</countries>
	</card>
	<card>
		<name>Giropay</name>
		<code>giropay</code>
		<refund>0</refund>
		<manualcapture>0</manualcapture>
		<image>./modules/hipay_tpp/img/giropay.png</image>
                <currencies>
                    <iso_code>EUR</iso_code>
                </currencies>
                <countries>DE</countries>
	</card>
	<card>
		<name>Belfius / Dexia Direct Net</name>
		<code>dexia-directnet</code>
		<refund>0</refund>
		<manualcapture>0</manualcapture>
		<image>./modules/hipay_tpp/img/belfius.png</image>
                <currencies>
                    <iso_code>EUR</iso_code>
                </currencies>
                <countries>BE</countries>
	</card>
	<card>
		<name>PayPal</name>
		<code>paypal</code>
		<refund>1</refund>
		<manualcapture>1</manualcapture>
		<image>./modules/hipay_tpp/img/paypal.png</image>
                <currencies>
                    <iso_code>EUR</iso_code>
                </currencies>
                <countries>ALL</countries>
	</card>

</cards>